7B3z0ySL9Rr0XvZEAjWZzM,Clairo,Sofia,112,5
7B3z0ySL9Rr0XvZEAjWZzM,Clairo,Sofia,28,4
7B3z0ySL9Rr0XvZEAjWZzM,Clairo,Sofia,43,5
7B3z0ySL9Rr0XvZEAjWZzM,Clairo,Sofia,61,4
7B3z0ySL9Rr0XvZEAjWZzM,Clairo,Sofia,255,4
7B3z0ySL9Rr0XvZEAjWZzM,Clairo,Sofia,47,4
7B3z0ySL9Rr0XvZEAjWZzM,Clairo,Sofia,45,5
7B3z0ySL9Rr0XvZEAjWZzM,Clairo,Sofia,55,5
7B3z0ySL9Rr0XvZEAjWZzM,Clairo,Sofia,97,3
7B3z0ySL9Rr0XvZEAjWZzM,Clairo,Sofia,108,4
7B3z0ySL9Rr0XvZEAjWZzM,Clairo,Sofia,96,5
7B3z0ySL9Rr0XvZEAjWZzM,Clairo,Sofia,103,5
7B3z0ySL9Rr0XvZEAjWZzM,Clairo,Sofia,114,4
7B3z0ySL9Rr0XvZEAjWZzM,Clairo,Sofia,115,4
7B3z0ySL9Rr0XvZEAjWZzM,Clairo,Sofia,25,1
7B3z0ySL9Rr0XvZEAjWZzM,Clairo,Sofia,89,4
7B3z0ySL9Rr0XvZEAjWZzM,Clairo,Sofia,153,4
7B3z0ySL9Rr0XvZEAjWZzM,Clairo,Sofia,71,3
7B3z0ySL9Rr0XvZEAjWZzM,Clairo,Sofia,116,5
7B3z0ySL9Rr0XvZEAjWZzM,Clairo,Sofia,13,5
7B3z0ySL9Rr0XvZEAjWZzM,Clairo,Sofia,162,5
7B3z0ySL9Rr0XvZEAjWZzM,Clairo,Sofia,166,5
6UkGl2XEw0zticxJugwkq5,RajahWild,Wild Out,214,5
6UkGl2XEw0zticxJugwkq5,RajahWild,Wild Out,28,4
6UkGl2XEw0zticxJugwkq5,RajahWild,Wild Out,61,3
6UkGl2XEw0zticxJugwkq5,RajahWild,Wild Out,76,3
6UkGl2XEw0zticxJugwkq5,RajahWild,Wild Out,263,5
6UkGl2XEw0zticxJugwkq5,RajahWild,Wild Out,33,4
6UkGl2XEw0zticxJugwkq5,RajahWild,Wild Out,25,1
6UkGl2XEw0zticxJugwkq5,RajahWild,Wild Out,2,1
6UkGl2XEw0zticxJugwkq5,RajahWild,Wild Out,42,5
6UkGl2XEw0zticxJugwkq5,RajahWild,Wild Out,165,1
6UkGl2XEw0zticxJugwkq5,RajahWild,Wild Out,219,4
6UkGl2XEw0zticxJugwkq5,RajahWild,Wild Out,246,1
24jvD83UgLmrdGjhWTFslY,Lana Del Rey,Video Games,127,5
4JiEyzf0Md7KEFFGWDDdCr,Guns N' Roses,Knockin' On Heaven's Door,51,5
4JiEyzf0Md7KEFFGWDDdCr,Guns N' Roses,Knockin' On Heaven's Door,91,4
4JiEyzf0Md7KEFFGWDDdCr,Guns N' Roses,Knockin' On Heaven's Door,116,5
4JiEyzf0Md7KEFFGWDDdCr,Guns N' Roses,Knockin' On Heaven's Door,209,3
4JiEyzf0Md7KEFFGWDDdCr,Guns N' Roses,Knockin' On Heaven's Door,100,5
4JiEyzf0Md7KEFFGWDDdCr,Guns N' Roses,Knockin' On Heaven's Door,50,2
4JiEyzf0Md7KEFFGWDDdCr,Guns N' Roses,Knockin' On Heaven's Door,76,4
5ryxdobYDJWyQQFamfDOxb,kenichiro nishihara,Serendipity,28,5
3NJzkMApQqAudLSgYb5Bz2,jim croce,operator,87,5
3NJzkMApQqAudLSgYb5Bz2,jim croce,operator,260,5
3NJzkMApQqAudLSgYb5Bz2,jim croce,operator,91,5
3NJzkMApQqAudLSgYb5Bz2,jim croce,operator,246,1
6CkWCVDNZg8w638zh6BDJY,The Box,Roddy Rich,110,5
6CkWCVDNZg8w638zh6BDJY,The Box,Roddy Rich,71,4
6CkWCVDNZg8w638zh6BDJY,The Box,Roddy Rich,260,4
6CkWCVDNZg8w638zh6BDJY,The Box,Roddy Rich,253,4
6CkWCVDNZg8w638zh6BDJY,The Box,Roddy Rich,42,3
6CkWCVDNZg8w638zh6BDJY,The Box,Roddy Rich,34,4
6CkWCVDNZg8w638zh6BDJY,The Box,Roddy Rich,21,4
6CkWCVDNZg8w638zh6BDJY,The Box,Roddy Rich,160,4
6CkWCVDNZg8w638zh6BDJY,The Box,Roddy Rich,172,3
6CkWCVDNZg8w638zh6BDJY,The Box,Roddy Rich,180,3
6CkWCVDNZg8w638zh6BDJY,The Box,Roddy Rich,164,4
6CkWCVDNZg8w638zh6BDJY,The Box,Roddy Rich,169,5
6CkWCVDNZg8w638zh6BDJY,The Box,Roddy Rich,166,4
6CkWCVDNZg8w638zh6BDJY,The Box,Roddy Rich,246,2
6CkWCVDNZg8w638zh6BDJY,The Box,Roddy Rich,216,3
6CkWCVDNZg8w638zh6BDJY,The Box,Roddy Rich,251,1
2wSTnntOPRi7aQneobFtU4,SZA,Shirt,90,5
2wSTnntOPRi7aQneobFtU4,SZA,Shirt,49,5
2wSTnntOPRi7aQneobFtU4,SZA,Shirt,231,4
2wSTnntOPRi7aQneobFtU4,SZA,Shirt,17,4
2wSTnntOPRi7aQneobFtU4,SZA,Shirt,187,5
2wSTnntOPRi7aQneobFtU4,SZA,Shirt,154,3
5D2mYZuzcgjpchVY1pmTPh,50 Cent Olivia,Candy Shop,84,5
5D2mYZuzcgjpchVY1pmTPh,50 Cent Olivia,Candy Shop,204,4
5D2mYZuzcgjpchVY1pmTPh,50 Cent Olivia,Candy Shop,47,4
5D2mYZuzcgjpchVY1pmTPh,50 Cent Olivia,Candy Shop,184,5
5D2mYZuzcgjpchVY1pmTPh,50 Cent Olivia,Candy Shop,12,4
5D2mYZuzcgjpchVY1pmTPh,50 Cent Olivia,Candy Shop,242,5
5D2mYZuzcgjpchVY1pmTPh,50 Cent Olivia,Candy Shop,24,5
5D2mYZuzcgjpchVY1pmTPh,50 Cent Olivia,Candy Shop,263,5
5D2mYZuzcgjpchVY1pmTPh,50 Cent Olivia,Candy Shop,110,4
5D2mYZuzcgjpchVY1pmTPh,50 Cent Olivia,Candy Shop,28,1
5D2mYZuzcgjpchVY1pmTPh,50 Cent Olivia,Candy Shop,25,1
5D2mYZuzcgjpchVY1pmTPh,50 Cent Olivia,Candy Shop,49,4
5D2mYZuzcgjpchVY1pmTPh,50 Cent Olivia,Candy Shop,165,5
5D2mYZuzcgjpchVY1pmTPh,50 Cent Olivia,Candy Shop,162,2
5D2mYZuzcgjpchVY1pmTPh,50 Cent Olivia,Candy Shop,214,5
5D2mYZuzcgjpchVY1pmTPh,50 Cent Olivia,Candy Shop,38,5
6Vbjorcio1Nox0DJgKJNLW,Carcass,Corporal Jigsore Quandary,91,5
6Vbjorcio1Nox0DJgKJNLW,Carcass,Corporal Jigsore Quandary,219,3
6Vbjorcio1Nox0DJgKJNLW,Carcass,Corporal Jigsore Quandary,226,2
7Id9WVdUZXIK1jchXxvRH3,Beyonce (feat. Jay-Z),Deja Vu- Homecoming Live,43,5
6wsqVwoiVH2kde4k4KKAFU,Travis Scott,I KNOW?,170,5
6wsqVwoiVH2kde4k4KKAFU,Travis Scott,I KNOW?,187,5
6wsqVwoiVH2kde4k4KKAFU,Travis Scott,I KNOW?,43,5
1B9OQxCuWdWlyVICqoGcut,???,Monica,125,5
1B9OQxCuWdWlyVICqoGcut,???,Monica,73,5
1B9OQxCuWdWlyVICqoGcut,???,Monica,28,1
6u5flhVFxKZrl9AApvf2SL,*NSYNC,Girlfriend,222,3
2JzZzZUQj3Qff7wapcbKjc,Wiz Khalifa,See You Again,28,1
3s4U7OHV7gnj42VV72eSZ6,Clean Bandit feat Jess Glynne,Rather Be,196,5
3E1BkJEsRK7VsSNzijilGm,Eminem,Evil Twin,185,4
31RIphTQ9y4zStkH5xRWgW,???,????,28,5
2iUXsYOEPhVqEBwsqP70rE,5 Seconds of Summer,Youngblood,59,5
2iUXsYOEPhVqEBwsqP70rE,5 Seconds of Summer,Youngblood,176,4
2iUXsYOEPhVqEBwsqP70rE,5 Seconds of Summer,Youngblood,264,1
2iUXsYOEPhVqEBwsqP70rE,5 Seconds of Summer,Youngblood,28,4
2iUXsYOEPhVqEBwsqP70rE,5 Seconds of Summer,Youngblood,61,4
2iUXsYOEPhVqEBwsqP70rE,5 Seconds of Summer,Youngblood,84,3
2iUXsYOEPhVqEBwsqP70rE,5 Seconds of Summer,Youngblood,4,5
2iUXsYOEPhVqEBwsqP70rE,5 Seconds of Summer,Youngblood,97,5
2iUXsYOEPhVqEBwsqP70rE,5 Seconds of Summer,Youngblood,151,2
2iUXsYOEPhVqEBwsqP70rE,5 Seconds of Summer,Youngblood,24,3
2iUXsYOEPhVqEBwsqP70rE,5 Seconds of Summer,Youngblood,143,2
2iUXsYOEPhVqEBwsqP70rE,5 Seconds of Summer,Youngblood,103,5
2iUXsYOEPhVqEBwsqP70rE,5 Seconds of Summer,Youngblood,110,5
2iUXsYOEPhVqEBwsqP70rE,5 Seconds of Summer,Youngblood,113,5
2iUXsYOEPhVqEBwsqP70rE,5 Seconds of Summer,Youngblood,25,1
2iUXsYOEPhVqEBwsqP70rE,5 Seconds of Summer,Youngblood,188,5
2iUXsYOEPhVqEBwsqP70rE,5 Seconds of Summer,Youngblood,153,1
2iUXsYOEPhVqEBwsqP70rE,5 Seconds of Summer,Youngblood,248,5
2iUXsYOEPhVqEBwsqP70rE,5 Seconds of Summer,Youngblood,193,3
2iUXsYOEPhVqEBwsqP70rE,5 Seconds of Summer,Youngblood,42,3
2iUXsYOEPhVqEBwsqP70rE,5 Seconds of Summer,Youngblood,63,5
78QR3Wp35dqAhFEc2qAGjE,Lil Baby &amp; Gunna,Drip Too Hard,256,5
3ZOEytgrvLwQaqXreDs2Jx,Red Hot Chili Peppers,Can't Stop,30,5
3ZOEytgrvLwQaqXreDs2Jx,Red Hot Chili Peppers,Can't Stop,204,5
3ZOEytgrvLwQaqXreDs2Jx,Red Hot Chili Peppers,Can't Stop,4,5
3ZOEytgrvLwQaqXreDs2Jx,Red Hot Chili Peppers,Can't Stop,76,5
3ZOEytgrvLwQaqXreDs2Jx,Red Hot Chili Peppers,Can't Stop,55,3
3ZOEytgrvLwQaqXreDs2Jx,Red Hot Chili Peppers,Can't Stop,95,4
3ZOEytgrvLwQaqXreDs2Jx,Red Hot Chili Peppers,Can't Stop,12,5
3ZOEytgrvLwQaqXreDs2Jx,Red Hot Chili Peppers,Can't Stop,152,4
3ZOEytgrvLwQaqXreDs2Jx,Red Hot Chili Peppers,Can't Stop,33,3
3ZOEytgrvLwQaqXreDs2Jx,Red Hot Chili Peppers,Can't Stop,38,4
3ZOEytgrvLwQaqXreDs2Jx,Red Hot Chili Peppers,Can't Stop,28,1
3ZOEytgrvLwQaqXreDs2Jx,Red Hot Chili Peppers,Can't Stop,25,1
3ZOEytgrvLwQaqXreDs2Jx,Red Hot Chili Peppers,Can't Stop,20,4
3ZOEytgrvLwQaqXreDs2Jx,Red Hot Chili Peppers,Can't Stop,260,5
3ZOEytgrvLwQaqXreDs2Jx,Red Hot Chili Peppers,Can't Stop,182,5
3ZOEytgrvLwQaqXreDs2Jx,Red Hot Chili Peppers,Can't Stop,86,5
4pFC6tuWErxbO61oFFq3BQ,Cannibal Corpse,Hammer Smashed Face,204,5
4pFC6tuWErxbO61oFFq3BQ,Cannibal Corpse,Hammer Smashed Face,78,1
4pFC6tuWErxbO61oFFq3BQ,Cannibal Corpse,Hammer Smashed Face,28,4
4pFC6tuWErxbO61oFFq3BQ,Cannibal Corpse,Hammer Smashed Face,115,5
4pFC6tuWErxbO61oFFq3BQ,Cannibal Corpse,Hammer Smashed Face,143,2
4pFC6tuWErxbO61oFFq3BQ,Cannibal Corpse,Hammer Smashed Face,263,5
4pFC6tuWErxbO61oFFq3BQ,Cannibal Corpse,Hammer Smashed Face,38,5
4pFC6tuWErxbO61oFFq3BQ,Cannibal Corpse,Hammer Smashed Face,25,1
4pFC6tuWErxbO61oFFq3BQ,Cannibal Corpse,Hammer Smashed Face,91,4
4pFC6tuWErxbO61oFFq3BQ,Cannibal Corpse,Hammer Smashed Face,222,3
1i9lZvlaDdWDPyXEE95aiq,Travis Scott,Telekinesis,257,5
1i9lZvlaDdWDPyXEE95aiq,Travis Scott,Telekinesis,48,5
1i9lZvlaDdWDPyXEE95aiq,Travis Scott,Telekinesis,187,5
1i9lZvlaDdWDPyXEE95aiq,Travis Scott,Telekinesis,251,5
1i9lZvlaDdWDPyXEE95aiq,Travis Scott,Telekinesis,50,5
1i9lZvlaDdWDPyXEE95aiq,Travis Scott,Telekinesis,41,5
3r8RuvgbX9s7ammBn07D3W,NewJeans,Ditto,163,4
3r8RuvgbX9s7ammBn07D3W,NewJeans,Ditto,91,4
3r8RuvgbX9s7ammBn07D3W,NewJeans,Ditto,173,4
3r8RuvgbX9s7ammBn07D3W,NewJeans,Ditto,219,5
3r8RuvgbX9s7ammBn07D3W,NewJeans,Ditto,183,5
3r8RuvgbX9s7ammBn07D3W,NewJeans,Ditto,17,4
3r8RuvgbX9s7ammBn07D3W,NewJeans,Ditto,63,2
5HiSc2ZCGn8L3cH3qSwzBT,Red Velvet,Russian Roulette,43,5
5HiSc2ZCGn8L3cH3qSwzBT,Red Velvet,Russian Roulette,45,5
7rqaqQurHzR5xHAhdm1gmM,The Chicks,Goodbye Earl,61,5
7rqaqQurHzR5xHAhdm1gmM,The Chicks,Goodbye Earl,206,5
7rqaqQurHzR5xHAhdm1gmM,The Chicks,Goodbye Earl,204,4
7rqaqQurHzR5xHAhdm1gmM,The Chicks,Goodbye Earl,55,4
7rqaqQurHzR5xHAhdm1gmM,The Chicks,Goodbye Earl,77,4
7rqaqQurHzR5xHAhdm1gmM,The Chicks,Goodbye Earl,32,4
7rqaqQurHzR5xHAhdm1gmM,The Chicks,Goodbye Earl,28,1
7rqaqQurHzR5xHAhdm1gmM,The Chicks,Goodbye Earl,25,1
7rqaqQurHzR5xHAhdm1gmM,The Chicks,Goodbye Earl,73,3
7rqaqQurHzR5xHAhdm1gmM,The Chicks,Goodbye Earl,86,4
0IpnZchq8ek2A6pGEP2Qb1,Lil uzi vert,Bean(Kobe),198,5
0IpnZchq8ek2A6pGEP2Qb1,Lil uzi vert,Bean(Kobe),40,4
0IpnZchq8ek2A6pGEP2Qb1,Lil uzi vert,Bean(Kobe),251,5
2KXnst0LYzGaZghI02UACE,Iron Maiden,Purgatory,91,4
2KXnst0LYzGaZghI02UACE,Iron Maiden,Purgatory,247,4
2KXnst0LYzGaZghI02UACE,Iron Maiden,Purgatory,196,2
2KXnst0LYzGaZghI02UACE,Iron Maiden,Purgatory,219,5
2KXnst0LYzGaZghI02UACE,Iron Maiden,Purgatory,40,4
2KXnst0LYzGaZghI02UACE,Iron Maiden,Purgatory,38,4
2HbKqm4o0w5wEeEFXm2sD4,Kendrick Lamar,money trees,19,5
5oVBCcGv1EX2foIs6X6GRw,Jey One,Onana,198,5
5oVBCcGv1EX2foIs6X6GRw,Jey One,Onana,6,1
7MfDVWYoADkyGNbs8YqsYo,Sdot Go,WNA,239,5
7MfDVWYoADkyGNbs8YqsYo,Sdot Go,WNA,231,5
7MfDVWYoADkyGNbs8YqsYo,Sdot Go,WNA,192,3
7MfDVWYoADkyGNbs8YqsYo,Sdot Go,WNA,6,1
2DkZisoN9h1dLa8Sn5sx0n,Palace,Bitter,264,5
2DkZisoN9h1dLa8Sn5sx0n,Palace,Bitter,28,4
2DkZisoN9h1dLa8Sn5sx0n,Palace,Bitter,61,4
2DkZisoN9h1dLa8Sn5sx0n,Palace,Bitter,204,4
2DkZisoN9h1dLa8Sn5sx0n,Palace,Bitter,4,3
2DkZisoN9h1dLa8Sn5sx0n,Palace,Bitter,151,3
2DkZisoN9h1dLa8Sn5sx0n,Palace,Bitter,242,5
2DkZisoN9h1dLa8Sn5sx0n,Palace,Bitter,77,4
2DkZisoN9h1dLa8Sn5sx0n,Palace,Bitter,25,1
2DkZisoN9h1dLa8Sn5sx0n,Palace,Bitter,73,4
2DkZisoN9h1dLa8Sn5sx0n,Palace,Bitter,155,5
7KTJdQjOzqZCoycHKkrHab,Bob Bobby,Diamond Hoe,11,5
7KTJdQjOzqZCoycHKkrHab,Bob Bobby,Diamond Hoe,135,4
4M35HMVeTKlXJqVV9dcVXr,Aunt J-Classic Orchestra ,Kimi wo Nosete (Castle in the Sky),44,5
4M35HMVeTKlXJqVV9dcVXr,Aunt J-Classic Orchestra ,Kimi wo Nosete (Castle in the Sky),22,5
4M35HMVeTKlXJqVV9dcVXr,Aunt J-Classic Orchestra ,Kimi wo Nosete (Castle in the Sky),260,5
4M35HMVeTKlXJqVV9dcVXr,Aunt J-Classic Orchestra ,Kimi wo Nosete (Castle in the Sky),49,5
4M35HMVeTKlXJqVV9dcVXr,Aunt J-Classic Orchestra ,Kimi wo Nosete (Castle in the Sky),91,5
4M35HMVeTKlXJqVV9dcVXr,Aunt J-Classic Orchestra ,Kimi wo Nosete (Castle in the Sky),219,5
3KkXRkHbMCARz0aVfEt68P,Post Malone,Sunflower,58,5
2VxeLyX666F8uXCJ0dZF8B,Lady Gaga,Shallow,227,1
2VxeLyX666F8uXCJ0dZF8B,Lady Gaga,Shallow,231,3
2VxeLyX666F8uXCJ0dZF8B,Lady Gaga,Shallow,100,4
38VjywCAy5pdmaecwzXj30,DaJakey,Experience,11,5
38VjywCAy5pdmaecwzXj30,DaJakey,Experience,202,2
2nAZibb7kaMAb1bAsB3KFs,Angra,Angels Cry,91,5
2nAZibb7kaMAb1bAsB3KFs,Angra,Angels Cry,14,3
2nAZibb7kaMAb1bAsB3KFs,Angra,Angels Cry,266,2
2nAZibb7kaMAb1bAsB3KFs,Angra,Angels Cry,182,5
1xWkeSPhf3bZqHY7Ncz8vp,lil tecca,500lbs,67,5
1xWkeSPhf3bZqHY7Ncz8vp,lil tecca,500lbs,108,1
1xWkeSPhf3bZqHY7Ncz8vp,lil tecca,500lbs,46,5
1xWkeSPhf3bZqHY7Ncz8vp,lil tecca,500lbs,114,5
1xWkeSPhf3bZqHY7Ncz8vp,lil tecca,500lbs,25,1
1xWkeSPhf3bZqHY7Ncz8vp,lil tecca,500lbs,28,1
1xWkeSPhf3bZqHY7Ncz8vp,lil tecca,500lbs,38,5
1xWkeSPhf3bZqHY7Ncz8vp,lil tecca,500lbs,40,4
1xWkeSPhf3bZqHY7Ncz8vp,lil tecca,500lbs,90,2
1xWkeSPhf3bZqHY7Ncz8vp,lil tecca,500lbs,193,1
1xWkeSPhf3bZqHY7Ncz8vp,lil tecca,500lbs,249,1
1xWkeSPhf3bZqHY7Ncz8vp,lil tecca,500lbs,48,5
4xI3U4sDj1TPmO9Iz5TkYp,El Alfa,4K,198,5
65FftemJ1DbbZ45DUfHJXE,New Jeans,OMG,183,5
65FftemJ1DbbZ45DUfHJXE,New Jeans,OMG,43,5
7sek4hwfR7p2NccarCFBc1,Lana del Rey,Cherry,43,5
7sek4hwfR7p2NccarCFBc1,Lana del Rey,Cherry,61,2
7sek4hwfR7p2NccarCFBc1,Lana del Rey,Cherry,84,1
7sek4hwfR7p2NccarCFBc1,Lana del Rey,Cherry,204,3
7sek4hwfR7p2NccarCFBc1,Lana del Rey,Cherry,4,4
7sek4hwfR7p2NccarCFBc1,Lana del Rey,Cherry,108,5
7sek4hwfR7p2NccarCFBc1,Lana del Rey,Cherry,242,5
7sek4hwfR7p2NccarCFBc1,Lana del Rey,Cherry,114,3
7sek4hwfR7p2NccarCFBc1,Lana del Rey,Cherry,96,4
7sek4hwfR7p2NccarCFBc1,Lana del Rey,Cherry,28,1
7sek4hwfR7p2NccarCFBc1,Lana del Rey,Cherry,25,1
7sek4hwfR7p2NccarCFBc1,Lana del Rey,Cherry,188,4
7sek4hwfR7p2NccarCFBc1,Lana del Rey,Cherry,163,4
7sek4hwfR7p2NccarCFBc1,Lana del Rey,Cherry,58,5
7sek4hwfR7p2NccarCFBc1,Lana del Rey,Cherry,6,1
4cOdK2wGLETKBW3PvgPWqT,Rick Astley,Never Gonna Give You Up,244,5
4cOdK2wGLETKBW3PvgPWqT,Rick Astley,Never Gonna Give You Up,204,5
4cOdK2wGLETKBW3PvgPWqT,Rick Astley,Never Gonna Give You Up,4,5
4cOdK2wGLETKBW3PvgPWqT,Rick Astley,Never Gonna Give You Up,76,5
4cOdK2wGLETKBW3PvgPWqT,Rick Astley,Never Gonna Give You Up,55,5
4cOdK2wGLETKBW3PvgPWqT,Rick Astley,Never Gonna Give You Up,78,5
4cOdK2wGLETKBW3PvgPWqT,Rick Astley,Never Gonna Give You Up,113,5
4cOdK2wGLETKBW3PvgPWqT,Rick Astley,Never Gonna Give You Up,95,5
4cOdK2wGLETKBW3PvgPWqT,Rick Astley,Never Gonna Give You Up,30,5
4cOdK2wGLETKBW3PvgPWqT,Rick Astley,Never Gonna Give You Up,18,5
4cOdK2wGLETKBW3PvgPWqT,Rick Astley,Never Gonna Give You Up,97,2
4cOdK2wGLETKBW3PvgPWqT,Rick Astley,Never Gonna Give You Up,46,5
4cOdK2wGLETKBW3PvgPWqT,Rick Astley,Never Gonna Give You Up,115,4
4cOdK2wGLETKBW3PvgPWqT,Rick Astley,Never Gonna Give You Up,110,5
4cOdK2wGLETKBW3PvgPWqT,Rick Astley,Never Gonna Give You Up,103,5
4cOdK2wGLETKBW3PvgPWqT,Rick Astley,Never Gonna Give You Up,168,5
4cOdK2wGLETKBW3PvgPWqT,Rick Astley,Never Gonna Give You Up,29,5
4cOdK2wGLETKBW3PvgPWqT,Rick Astley,Never Gonna Give You Up,36,5
4cOdK2wGLETKBW3PvgPWqT,Rick Astley,Never Gonna Give You Up,45,5
4cOdK2wGLETKBW3PvgPWqT,Rick Astley,Never Gonna Give You Up,28,1
4cOdK2wGLETKBW3PvgPWqT,Rick Astley,Never Gonna Give You Up,25,1
4cOdK2wGLETKBW3PvgPWqT,Rick Astley,Never Gonna Give You Up,40,1
4cOdK2wGLETKBW3PvgPWqT,Rick Astley,Never Gonna Give You Up,89,2
4cOdK2wGLETKBW3PvgPWqT,Rick Astley,Never Gonna Give You Up,135,5
4cOdK2wGLETKBW3PvgPWqT,Rick Astley,Never Gonna Give You Up,226,5
4cOdK2wGLETKBW3PvgPWqT,Rick Astley,Never Gonna Give You Up,53,5
4cOdK2wGLETKBW3PvgPWqT,Rick Astley,Never Gonna Give You Up,248,5
4cOdK2wGLETKBW3PvgPWqT,Rick Astley,Never Gonna Give You Up,90,1
4cOdK2wGLETKBW3PvgPWqT,Rick Astley,Never Gonna Give You Up,22,5
4cOdK2wGLETKBW3PvgPWqT,Rick Astley,Never Gonna Give You Up,260,5
4cOdK2wGLETKBW3PvgPWqT,Rick Astley,Never Gonna Give You Up,15,5
4cOdK2wGLETKBW3PvgPWqT,Rick Astley,Never Gonna Give You Up,49,2
4cOdK2wGLETKBW3PvgPWqT,Rick Astley,Never Gonna Give You Up,42,3
4cOdK2wGLETKBW3PvgPWqT,Rick Astley,Never Gonna Give You Up,163,3
4cOdK2wGLETKBW3PvgPWqT,Rick Astley,Never Gonna Give You Up,116,5
4cOdK2wGLETKBW3PvgPWqT,Rick Astley,Never Gonna Give You Up,232,5
4cOdK2wGLETKBW3PvgPWqT,Rick Astley,Never Gonna Give You Up,21,5
4cOdK2wGLETKBW3PvgPWqT,Rick Astley,Never Gonna Give You Up,181,5
4cOdK2wGLETKBW3PvgPWqT,Rick Astley,Never Gonna Give You Up,173,5
4cOdK2wGLETKBW3PvgPWqT,Rick Astley,Never Gonna Give You Up,240,5
4cOdK2wGLETKBW3PvgPWqT,Rick Astley,Never Gonna Give You Up,180,5
4cOdK2wGLETKBW3PvgPWqT,Rick Astley,Never Gonna Give You Up,171,5
4cOdK2wGLETKBW3PvgPWqT,Rick Astley,Never Gonna Give You Up,213,5
4cOdK2wGLETKBW3PvgPWqT,Rick Astley,Never Gonna Give You Up,164,5
4cOdK2wGLETKBW3PvgPWqT,Rick Astley,Never Gonna Give You Up,209,5
4cOdK2wGLETKBW3PvgPWqT,Rick Astley,Never Gonna Give You Up,259,3
4cOdK2wGLETKBW3PvgPWqT,Rick Astley,Never Gonna Give You Up,231,5
4cOdK2wGLETKBW3PvgPWqT,Rick Astley,Never Gonna Give You Up,48,5
4cOdK2wGLETKBW3PvgPWqT,Rick Astley,Never Gonna Give You Up,47,4
4cOdK2wGLETKBW3PvgPWqT,Rick Astley,Never Gonna Give You Up,94,5
5JYPXqMwYc0zTODQdjMEZN,Ice Spice,Deli,43,5
5JYPXqMwYc0zTODQdjMEZN,Ice Spice,Deli,186,5
5JYPXqMwYc0zTODQdjMEZN,Ice Spice,Deli,108,5
4TJUS843fKiqqIzycM74Oy,Toby Keith,Should've Been a Cowboy,0,4
4TJUS843fKiqqIzycM74Oy,Toby Keith,Should've Been a Cowboy,159,2
4TJUS843fKiqqIzycM74Oy,Toby Keith,Should've Been a Cowboy,176,5
4TJUS843fKiqqIzycM74Oy,Toby Keith,Should've Been a Cowboy,264,2
4TJUS843fKiqqIzycM74Oy,Toby Keith,Should've Been a Cowboy,112,1
4TJUS843fKiqqIzycM74Oy,Toby Keith,Should've Been a Cowboy,28,4
4TJUS843fKiqqIzycM74Oy,Toby Keith,Should've Been a Cowboy,206,5
4TJUS843fKiqqIzycM74Oy,Toby Keith,Should've Been a Cowboy,61,3
4TJUS843fKiqqIzycM74Oy,Toby Keith,Should've Been a Cowboy,204,4
4TJUS843fKiqqIzycM74Oy,Toby Keith,Should've Been a Cowboy,103,2
4TJUS843fKiqqIzycM74Oy,Toby Keith,Should've Been a Cowboy,115,4
4TJUS843fKiqqIzycM74Oy,Toby Keith,Should've Been a Cowboy,25,1
4TJUS843fKiqqIzycM74Oy,Toby Keith,Should've Been a Cowboy,42,4
4TJUS843fKiqqIzycM74Oy,Toby Keith,Should've Been a Cowboy,258,3
4TJUS843fKiqqIzycM74Oy,Toby Keith,Should've Been a Cowboy,100,3
4TJUS843fKiqqIzycM74Oy,Toby Keith,Should've Been a Cowboy,6,1
6gOIHf3Y3W7uTe8ERFYzex,Nightwish ,Noise,94,5
6gOIHf3Y3W7uTe8ERFYzex,Nightwish ,Noise,25,3
6gOIHf3Y3W7uTe8ERFYzex,Nightwish ,Noise,202,2
6gOIHf3Y3W7uTe8ERFYzex,Nightwish ,Noise,91,2
6gOIHf3Y3W7uTe8ERFYzex,Nightwish ,Noise,258,5
6gOIHf3Y3W7uTe8ERFYzex,Nightwish ,Noise,219,3
6gOIHf3Y3W7uTe8ERFYzex,Nightwish ,Noise,158,2
6gOIHf3Y3W7uTe8ERFYzex,Nightwish ,Noise,140,5
6ts1KCOudfDYXYfyWtq0k1,Vaundy,Omokage,44,5
6ts1KCOudfDYXYfyWtq0k1,Vaundy,Omokage,163,3
2H7YEDDvGfP0diMJRivCMc,???,????,22,5
2H7YEDDvGfP0diMJRivCMc,???,????,162,3
2H7YEDDvGfP0diMJRivCMc,???,????,82,3
2H7YEDDvGfP0diMJRivCMc,???,????,251,1
4KW1lqgSr8TKrvBII0Brf8,Kayne West,Father Stretch My Hands Pt.1,235,3
4KW1lqgSr8TKrvBII0Brf8,Kayne West,Father Stretch My Hands Pt.1,45,4
4KW1lqgSr8TKrvBII0Brf8,Kayne West,Father Stretch My Hands Pt.1,90,5
4KW1lqgSr8TKrvBII0Brf8,Kayne West,Father Stretch My Hands Pt.1,71,5
4KW1lqgSr8TKrvBII0Brf8,Kayne West,Father Stretch My Hands Pt.1,160,5
1ThmUihH9dF8EV08ku5AXN,Ski Mask The Slump God,Faucet Failure,185,5
2zGaY3iWYTHjgpSLC0wqdx,Udit Narayan,Laal Dupatta,192,4
2zGaY3iWYTHjgpSLC0wqdx,Udit Narayan,Laal Dupatta,3,5